id,objek,nama,letak,kecamatan,kabupaten,kode_pos,potensi,image_url
1,Pantai,Pantai Mali,Kabola,Teluk Mutiara,Alor,,"Pepohonan kepala, pasir putih, karang laut yang indah",https://i.imgur.com/qEdgZgL.jpeg
2,Pantai,Pantai Maimol,Kabola,Teluk Mutiara,Alor,,Perkampungan dan Kehidupan Nelayan Tradisonal,https://i.imgur.com/VeJOS7Q.jpeg
3,Pantai,Pantai Deere,Pantai Deere,Teluk Mutiara,Alor,,"Pantai putih, karang yang indah",https://i.imgur.com/ygaTYw9.jpeg
4,Pantai,Pantai Sebanjar,Alor Besar,ABAL,Alor,,"Pasir putih, taman laut",https://i.imgur.com/6Dfphqc.jpeg
5,Pantai,Pantai Ling'al,Desa Haleman,ABAD,Alor,,"Pasir putih sepanjang pantai, padang ilalang yang menguning di pinggir pantai",https://i.imgur.com/vJmP8ZR.jpeg
6,Pantai,Taman Laut Selat Pantar,"AMPERA, ALOR KECIL, PULAU KEPA, PULAU PURA, PULAU BUAYA, ALOR BESAR, WOLWAL",ABAL dan ABAD,Alor,,"Arus laut dingin, aneka ragam biota laut (ikan, karang laut, dan hewan laut lainnya. (terdapat 45 titik selam)",https://i.imgur.com/X4dTeIc.jpeg
7,Pantai,Teluk Gurita,Desa Dualaus,Kakuluk Mesak,Belu,,,https://i.imgur.com/K45KT83.jpeg
8,Pantai,Pantai dan Batu Penggajawa,,,Ende,,,https://i.imgur.com/a8oxvHM.jpeg
9,Pantai,Pantai Bita,Mautapaga,,Ende,,,https://i.imgur.com/LHtXFvm.jpeg
10,Pantai,Pantai Ende,Kotaraja,,Ende,,,https://i.imgur.com/IMPY653.jpeg
11,Pantai,Pantai Nuha Waibalun,,Larantuka,Flores Timur,,,https://i.imgur.com/inDBcN0.jpeg
12,Pantai,Pantai Baun Boting,Halakodanuan,Ile Mandiri,Flores Timur,,,https://i.imgur.com/BRIX8Kj.png
13,Pantai,Pantai Riang Sunge,Ritabeng,Wulanggitang,Flores Timur,,,https://i.imgur.com/T6Sliyz.jpeg
14,Pantai,Pantai Rako,Hewa,Wulanggitang,Flores Timur,,,https://i.imgur.com/CJHsOp5.jpeg
15,Pantai,Pantai Oa,Pantai Oa,Wulanggitang,Flores Timur,,,https://i.imgur.com/6noiqIY.jpeg
16,Pantai,Pantai Watotena,Bedalewun,Ile Boleng,Flores Timur,,,https://i.imgur.com/ihLHMdT.jpeg
17,Pantai,Pantai Weramean,Nelereren,Ile Boleng,Flores Timur,,,https://i.imgur.com/VnhucGo.jpeg
18,Pantai,Pantai Wini,Tuagoetobi,Witihama,Flores Timur,,,https://i.imgur.com/itcBeNd.jpeg
19,Pantai,Pantai Lasiana,Lasiana,Kelapa lima,Kota Kupang,,Pantai berpasir putih dan Pepohonan Nyiur dan Lontar,https://i.imgur.com/Kzbxy0J.jpeg
20,Pantai,Pantai Nunsui,Lasiana,Kelapa lima,Kota Kupang,,Pantai berpasir putih bersih dan aneka pepohonan rindang,https://i.imgur.com/gyunjuT.jpeg
21,Pantai,Pantai Ketapang Satu,Tode Kisar,Kota lama,Kota Kupang,,Pantai karang indah,https://i.imgur.com/1Oqj9Ov.jpeg
22,Pantai,Pantai Nunhila,Nunhila,Alak,Kota Kupang,,Pantai dan gua alam indah,https://i.imgur.com/zTDWg9C.jpeg
23,Pantai,Pantai Namosain,Namosain,Alak,Kota Kupang,,Pantai indah dan bersih & Pelabuhan rakyat,https://i.imgur.com/YtjbY5Y.jpeg
24,Pantai,Pantai Pasir Panjang,Pasir panjang,Kota lama,Kota Kupang,,Pantai berpasir putih bersih,https://i.imgur.com/nyyZkYv.jpeg
25,Pantai,Pantai Manikin,Manikin,Kupang Tengah,Kabupaten Kupang,,Tempat rekreasi pasir putih,https://i.imgur.com/6ZFtkxW.jpeg
26,Pantai,Pantai Sulamu,Sulamu,Sulamu,Kabupaten Kupang,,Pasir putih,https://i.imgur.com/4x4pNHc.jpeg
27,Pantai,Pantai Oesina,Lifuleo,Kupang Barat,Kabupaten Kupang,,"Pasir putih, rekreasi, mandi, camping",https://i.imgur.com/QzsdClD.jpeg
28,Pantai,Pantai Otan,Otan,Semau,Kabupaten Kupang,,"Pasir putih, rekreasi, mandi, menyelam",https://i.imgur.com/aWZNUNJ.jpeg
29,Pantai,Pantai Pulau Kera,Uiasa,Semau,Kabupaten Kupang,,"Pasir putih, rekreasi, mandi, menyelam",https://i.imgur.com/y8eUFo9.jpeg
30,Pantai,Pantai Waijarang,,,Lembata,,,https://i.imgur.com/Q75FI7A.jpeg
31,Pantai,Pantai Lewolein,,,Lembata,,,https://i.imgur.com/nvAFdUP.jpeg
32,Pantai,Pantai Pasir Putih Mingar,,,Lembata,,,https://i.imgur.com/8UBWgld.jpeg
33,Pantai,Pantai Tanjung Bajau,,,Lembata,,,https://i.imgur.com/k0FzPGh.jpeg
34,Pantai,Pantai Bean,,,Lembata,,,https://i.imgur.com/XDJ9qYv.jpeg
35,Pantai,Pantai Motadikin,,,Malaka,,,https://i.imgur.com/FaR5RiF.jpeg
36,Pantai,Pantai Abudenok,,,Malaka,,,https://i.imgur.com/S9b1E3S.jpeg
37,Pantai,Pantai Taberek,,,Malaka,,,https://i.imgur.com/8Eavhnh.jpeg
38,Pantai,Pantai Loodik,,,Malaka,,,https://i.imgur.com/XcFhSUC.jpeg
39,Pantai,Pantai Ketebe,"Pantai Ketebe, Kel. Wangkung",Reok,Manggarai,,Pantai berpasir putih˜˜dengan air˜˜jernih dan trumbu karang,https://i.imgur.com/QgmpufC.jpeg
40,Pantai,Sengari,"Sengarai, Kelurahan Wangkung",Reok,Manggarai,,Pantai yang indah dengan pasir halus.,https://i.imgur.com/qHeprNG.jpeg
41,Pantai,Pantai Torong Besi,"Torong Besi, Kel. Wangkung",Reok,Manggarai,,Pantai berpasir putih˜˜dengan air˜˜jernih dan terumbu karang.,https://i.imgur.com/nw5kMGl.jpeg
42,Pantai,Kawasan Taman Nasional Komodo,"Pulau Komodo, Pulau Rinca, Pulau Padar",,Manggarai Barat,,Komodo watching,https://i.imgur.com/XOR8xfj.jpeg
43,Pantai,Seraya Kecil,Pulau Seraya,,Manggarai Barat,,"Taman Laut, Diving, Snorkeling",https://i.imgur.com/3fLKou7.jpeg
44,Pantai,Batu Gosok,Batu Cermin,,Manggarai Barat,,"Pasir Putih, Taman Laut, Swimming, Diving",https://i.imgur.com/mftjPNF.jpeg
45,Pantai,Pantai Manjerite,Batu Cermin,,Manggarai Barat,,"Pasir Putih, Snorkeling",https://i.imgur.com/5U9QgRi.jpeg
46,Pantai,Pantai Pede,Desa Gorontalo,,Manggarai Barat,,"Pasir Putih, Snorkeling",https://i.imgur.com/Npqubo7.jpeg
47,Pantai,Pantai batu Biru,Nanga Baras,Kota Komba,Manggarai Timur,,"Berenang, jemur, voli pantai, mancing",https://i.imgur.com/eHCAvTM.jpeg
48,Pantai,Pantai Enabhara,Waebela,Aimere,Ngada,,"Pantai pasir putih, Agrowisata, Kawasan trekking",https://i.imgur.com/HKaqxC9.jpeg
49,Pantai,Pantai Oesosole,Faifua,Rote Timur,Rote Ndao,,"Panorama alam, Pantai berpasir putih, Ekowisata budidaya rumput laut ",https://i.imgur.com/A8qR7hi.jpeg
50,Pantai,Pantai Nusakdale,Nusakdale,Pantai Baru,Rote Ndao,,"Panorama alam, Olahraga air",https://i.imgur.com/znzyNXA.jpeg
51,Pantai,Pantai dombo,Mokdale,Lobalain,Rote Ndao,,"Panorama alam dan pantai, Olahraga air, Lokasi memancing",https://i.imgur.com/jAlTodk.jpeg
52,Pantai,Pantai Oeseli,Oeseli,Rote Barat Daya,Rote Ndao,,"Panorama alam dan pantai, Olahraga air, Lokasi memancing",https://i.imgur.com/J7HcbxA.jpeg
53,Pantai,Pantai Bo'a,Bo'a,Rote Barat,Rote Ndao,,"Panorama alam dan pantai, Olahraga air, Lokasi memancing",https://i.imgur.com/rXulw2P.jpeg
54,Pantai,Pantai Tongga,Mboeain,Rote Barat,Rote Ndao,,"Panorama alam dan pantai, Olahraga air, Lokasi memancing",https://i.imgur.com/m4tBQGD.jpeg
55,Pantai,Pantai Pulau Ndao,Olifatula,Ndao Nuse,Rote Ndao,,"Panorama alam dan pantai, Olahraga air, Lokasi memancing",https://i.imgur.com/Q176Xdz.jpeg
56,Pantai,Pantai Pulau Nuse,Nuse,Ndao Nuse,Rote Ndao,,"Panorama alam dan pantai, Olahraga air, Lokasi memancing",https://i.imgur.com/0xW8Lcs.jpeg
57,Pantai,Pantai Napae Sabu,,Sabu Barat,Sabu Raijua,,Pasir putih,https://i.imgur.com/7VD4xQB.jpeg
58,Pantai,Pantai Namo,,Raijua,Sabu Raijua,,Pasir putih,https://i.imgur.com/i7OCHAg.jpeg
59,Pantai,Taman laut dan Pantai Wairterang,Wairterang,Waigete,Sikka,,Wisata alam,https://i.imgur.com/8gKuyZh.jpeg
60,Pantai,Pantai Pasir Putih Doreng,Nenbura,Mapitara,Sikka,,Wisata alam,https://i.imgur.com/aRCwv6R.jpeg
61,Pantai,Panorama Pantai Ipir,Ipir,Bola,Sikka,,"Pantai dengan ombak besar, Batu karang, Sunset, Hamparan garis pantai",https://i.imgur.com/0O4brFd.jpeg
62,Pantai,Pantai Mananga Aba,Karuni,Loura,Sumba Barat,,,https://i.imgur.com/m1IwqC8.jpeg
63,Pantai,Pantai Watu Malandong,Panenggo Ende,Kodi Bllaghar,Sumba Barat,,,https://i.imgur.com/4jAyogy.jpeg
64,Pantai,Pantai Pero,Pero Batang,Kodi,Sumba Barat,,,https://i.imgur.com/1yOqO29.jpeg
65,Pantai,Pantai Oro,Wee Pangali,Loura,Sumba Barat,,,https://i.imgur.com/D8QeTfq.jpeg
66,Pantai,Pantai Mandorak,Kalenarongo,Kodi Utara,Sumba Barat,,,https://i.imgur.com/42y5BkO.jpeg
67,Pantai,Pantai Ratenggaro,Umbu Ngedo,Kodi Bangedo,Sumba Barat,,,https://i.imgur.com/InMLQ0H.jpeg
68,Pantai,Pantai Tanjung Karoso,Kalenarongo,Kodi Utara,Sumba Barat,,,https://i.imgur.com/Gp5yNlM.jpeg
69,Pantai,Pantai Waikelo,Rada Mata,Loura,Sumba Barat,,,https://i.imgur.com/O3NkvP0.jpeg
70,Pantai,Pantai Rada Kapal,,Kodi Bangedo,Sumba Barat Daya,,,https://i.imgur.com/5KPM0g8.jpeg
71,Pantai,Pantai Kawona,,Tambolaka,Sumba Barat Daya,,,https://i.imgur.com/LK9PV8Q.jpeg
72,Pantai,Pantai Maloba,Anakalang,Katikuna,Sumba Tengah,,,https://i.imgur.com/OdWuKfI.jpeg
73,Pantai,Pantai Londa Lima,Kuta,Haharu,Sumba Timur,,,https://i.imgur.com/iqkxK0w.jpeg
74,Pantai,Pantai Puru Kambera,Hamba Praing,Haharu,Sumba Timur,,,https://i.imgur.com/CVRl7eW.jpeg
75,Pantai,Pantai Kalala,Hadakamali,Wula Waijelu,Sumba Timur,,,https://i.imgur.com/eYUmUDx.jpeg
76,Pantai,Pantai Watu Parunu,Latjanji,Pahunga Lodu,Sumba Timur,,,https://i.imgur.com/MiKM7Pc.jpeg
77,Pantai,Pantai Waihungu,Pramadita,Karera,Sumba Timur,,,https://i.imgur.com/pa3JyNG.jpeg
78,Pantai,Pantai Katundu,Pramadita,Karera,Sumba Timur,,,https://i.imgur.com/6zuCzic.jpeg
79,Pantai,Pantai Tarimbang,Tabundung,Tabundung,Sumba Timur,,,https://i.imgur.com/7z0xfoT.jpeg
80,Pantai,Pantai Walakiri,Watumbaka,Pandawai,Sumba Timur,,,https://i.imgur.com/fmPYkLh.jpeg
81,Pantai,Pantai Tawui,Tawui,Pinu Pahar,Sumba Timur,,,https://i.imgur.com/yQVSdRN.jpeg
82,Pantai,Pantai Kolbano,Kolbano,Kolbano,Timor Tengah Selatan,,Pantai pasir putih,https://i.imgur.com/vQViVJq.jpeg
83,Pantai,Pantai Banli,Op,Nunkolo,Timor Tengah Selatan,,,https://i.imgur.com/zd7tC2Q.jpeg
84,Pantai,Pantai Oetune,Tufanu,Kualin,Timor Tengah Selatan,,Pantai pasir putih,https://i.imgur.com/DaFN2Ei.jpeg
85,Pantai,Pantai Ob,Op,Nunkolo,Timor Tengah Selatan,,,https://i.imgur.com/GqGauhG.jpeg
86,Pantai,Pantai Nunkolo,Op,Nunkolo,Timor Tengah Selatan,,Panorama alam pantai,https://i.imgur.com/3eaxMDc.jpeg
87,Pantai,Pantai Nualunat,Nualunat,Kot'olin,Timor Tengah Selatan,,,https://i.imgur.com/hn19cFq.jpeg
88,Pantai,Pantai Wini,Humusu,Insana Utara,Timor Tengah Utara,,,https://i.imgur.com/itcBeNd.jpeg
89,Pulau,"Pulau Kepa, Bao Raja, Pantai Makassar",Desa Alor Kecil,ABAL,Alor,,"Arus laut dingin yang terjadi 2 s/d 3 kali dalam setahun, taman laut selat pantar, alam pantai, bahari, adat dan budaya",https://i.imgur.com/9YR0xht.jpeg
90,Pulau,Pulau Konga,,Titehena,Flores Timur,,,https://i.imgur.com/sqvrED8.jpeg
91,Pulau,Pulau Tikus,Sulamu,Sulamu,Kabupaten Kupang,,Rekreasi dan Mancing,https://i.imgur.com/EjRs2DS.jpeg
92,Pulau,Pulau Manifon,Sonraen,Amarasi,Kabupaten Kupang,,Perlindungan satwa,https://i.imgur.com/d2Yy4Tf.jpeg
93,Pulau,Pulau Mules,Desa Nuca Molas,Satar Mese Barat,Manggarai,,"Pulau kecil dengan padang rumput yang luas, di dalamnya terdapat rusa liar dan panorama yg indah.",https://i.imgur.com/B8vgYYU.jpeg
94,Pulau,Pulau Bidadari,Pulau Bidadari,,Manggarai Barat,,"Pasir Putih, Taman Laut, Sunbathing, Swimming, Diving, Snorkeling",https://i.imgur.com/gWIOp2f.jpeg
95,Pulau,Pulau Ular,Batu Cermin,,Manggarai Barat,,"Pasir Putih, Taman Laut, Snorkeling",https://i.imgur.com/45ptST1.jpeg 
96,Pulau,Pulau Burung,Batu Cermin,,Manggarai Barat,,"Pasir Putih, Snorkeling",https://imgur.com/a/jntV0kc
97,Pulau,Pulau Kanawa,Ds. Pasir Putih,,Manggarai Barat,,"Pasir Putih & Taman Laut, Diving &
Snorkelling",https://i.imgur.com/9brImiG.jpeg
98,Pulau,Pulau Satonda,Ds. Pasir Putih,,Manggarai Barat,,"Pasir Putih & Taman Laut, Diving &
Snorkelling",https://i.imgur.com/sczabcz.jpeg
99,Pulau,Pulau Longos,Ponti Anak,,Manggarai Barat,,"Taman Laut, Diving &
Snorkelling",https://i.imgur.com/5DDGT1H.jpeg
100,Gunung,Gunung Api Sirung,Mauta,Pantar Barat,Alor,,"Gunung api aktif, hiking (mendaki)",https://i.imgur.com/5QLeu5v.jpeg
101,Gunung,Gunung Meja,Rukun Lima,Ende selatan,Ende,,,https://i.imgur.com/kmWZALc.jpeg
102,Gunung,Gunung Ia,Paupanda,Ende selatan,Ende,,,https://i.imgur.com/QPqdMUV.jpeg
103,Gunung,Gunung Wongge,Onekore,Ende Tengah,Ende,,,https://i.imgur.com/3hMYWWq.jpeg
104,Gunung,Gunung Padhambewu,Mbotutenda,Nangapanda,Ende,,,https://i.imgur.com/7pnpAES.jpeg
105,Gunung,Wologai,Wologai,Detusoko,Ende,,,https://i.imgur.com/uX7MEgH.jpeg
106,Gunung,Gunung Timau,Timau,Amfoang Utara,Kabupaten Kupang,,"Wisata gunung, mendaki",https://i.imgur.com/WCVpkb0.jpeg
107,Gunung,Gunung fatuleu,Nonsaen,Fatuleu Tengah,Kabupaten Kupang,,Pegunungan dengan padang hijau,https://i.imgur.com/2eb0juo.jpeg
108,Gunung,Gunung Api Hobal,,,Lembata,,,https://i.imgur.com/3RcU3wy.png
109,Gunung,Gunung Api Ile Lewotolok,,,Lembata,,,https://i.imgur.com/J8SHr66.jpeg
110,Gunung,Golo Curu,"Golo Curu, Kelurahan Karot",Langke Rembong,Manggarai,,Bukit indah di utara kota Ruteng Tempat Patung Bunda Maria di tahtakan.,https://i.imgur.com/fgxtq9G.jpeg
111,Gunung,Lodok Lingko Cara,"Persawahan Cara, Kelurahan Wae Belang",Ruteng,Manggarai,,Bentuk khas pembagian tanah/kebun komunal di Manggarai yang berbentuk sarang laba?laba,https://i.imgur.com/QuXg8K7.jpeg
112,Gunung,Puncak Ranaka,"Poco Ranaka, Desa Ranaka",Wae Ri?i,Manggarai,,"Gunung tertinggi di NTT (2400 m), terdapat Salib,˜˜ memiliki panorama alam yang indah.",https://i.imgur.com/cFfUx67.jpeg
113,Gunung,Waerebo,Satar Lenda,Satar Mese Barat,Manggarai,,,https://i.imgur.com/DJ3WPOn.jpeg
114,Gunung,Puncak Waringin,Labuan Bajo,Puncak Waringin,Manggarai Barat,,Puncak Waringin,https://i.imgur.com/BwJ3Fe7.jpeg
115,Gunung,Golo Mori,Golo Mori,Golo Mori,Manggarai Barat,,Golo Mori,https://i.imgur.com/sfdJ1zj.jpeg
116,Gunung,Puncak Mbeliling,Liang Dara,Mbeliling,Manggarai Barat,,Puncak Mbeliling,https://i.imgur.com/OtHh4Ox.jpeg
117,Gunung,Gunung Ebulobo,Desa Mulokoli,Boa Wae,Nagekeo,,Panorama Alam,https://i.imgur.com/AAUuIBH.jpeg
118,Gunung,Gunung Mutis,Nenas,Fatumnasi,Timur Tengah Selatan,,"Panorama alam pegunungan, Pendakian gunung",https://i.imgur.com/I2b6QoH.jpeg
119,Bukit,Bukit Lewalu Tas,,Lamaknen,Belu,,,https://i.imgur.com/0UIedQw.jpeg
120,Bukit,Bukit Tulilu Nu Berek,,Tasifeto Barat,Belu,,,https://i.imgur.com/Bk0Hyv5.jpeg
121,Bukit,Bukit Nanaet,,Nanaet Dubesi,Belu,,,https://i.imgur.com/poYfjhr.jpeg
122,Bukit,Bukit Dubesi,,Nanaet Dubesi,Belu,,,https://i.imgur.com/h9GrzWV.jpeg
123,Bukit,Bukit Lidak,,Atambua Barat,Belu,,,https://i.imgur.com/IICzifA.jpeg
124,Bukit,Bukit Raimaten,,Atambua Barat,Belu,,,https://i.imgur.com/GZGkwTx.jpeg
125,Bukit,Bukit Cinta,,,Malaka,,,https://i.imgur.com/r5JprD1.jpeg
126,Bukit,Bukit Warinding,Pambota Jara,Komodo,Sumba Timur,,Scenic Beauty,https://i.imgur.com/zwSQuPJ.jpeg
127,Bukit,Bukit Rowet,Kel. Lape,,Nagekeo,,Melihat Matahari Terbenam,https://i.imgur.com/j6remjd.jpeg
128,Danau,Danau 7 Bidadari,Bota,ABAL,Alor,,"Air danau dipergunakan oleh masyarakat sekitar untuk mandi, air minum, mencuci namun airnya tetap jernih dan bersih, tidak boleh mengambil gambar ditempat tersebut.",https://i.imgur.com/SaTChDq.jpeg
129,Danau,Danau Tiga Warna Kelimutu,Pemo,Kelimutu,Ende,,,https://i.imgur.com/WerPcqR.jpeg
130,Danau,Danau Tiwu Sora,Hangalande,Kotabaru,Ende,,,https://i.imgur.com/c4Ty6bB.jpeg
131,Danau,Danau Ranombata,Mautenda,Wewaria,Ende,,,https://i.imgur.com/rr7IXdb.jpeg
132,Danau,Danau Asmara,Waibao,Tanjung Bunga,Flores Timur,,,https://i.imgur.com/Ll22BtS.jpeg
133,Danau,Danau Rana Mese,Golo Loni,Rana Mese,Manggarai Timur,,,https://i.imgur.com/NnQJyOH.jpeg
134,Danau,Danau Kota Kaya,Adonara,Adonara,Flores Timur,,,https://i.imgur.com/yzoVw36.jpeg
135,Danau,Danau Nefona,Sillu,Fatuleu,Kabupaten Kupang,,"Panorama
Alam, Peninggalan sejarah",https://i.imgur.com/DvOGZ5N.jpeg
136,Danau,Danau Nefoko'u,Apren,Amarasi,Kabupaten Kupang,,Panorama Alam,https://i.imgur.com/RZgjCcO.jpeg
137,Danau,Danau Nanebot,Nanebot,Rinhart,Malaka,,,https://i.imgur.com/P7ALWD3.jpeg
138,Danau,Danau Mantasik,,,Malaka,,,https://i.imgur.com/ol0YuH8.jpeg
139,Danau,Danau Sano Nggoang,Wae Sano,,Manggarai Barat,,"Danau Vulkanik, Tracking &
Hiking",https://i.imgur.com/sVZvc9f.jpeg
140,Danau,Danau Laut Mati,Sotimori,,Rote Ndao,,"Panorama alam, Lokasi pemancingan ikan air tawar, Olahraga air",https://i.imgur.com/s1SJdBF.jpeg
141,Danau,Mulut Seribu,,Landu Leko,Rote Ndao,,,https://i.imgur.com/0NSVzFY.jpeg
142,Danau,Telaga Nirwana,Oeseli,Rote Barat Daya,Rote Ndao,,,https://i.imgur.com/m8H6fGv.jpeg
143,Danau,Danau Wee Kuri,Kalenarongo,Kodi Utara,Sumba Barat Daya,,,https://i.imgur.com/R4TKgUr.jpeg
144,Danau,Danau Wee Wini,Kalaki Kambe,Wewewa Barat,Sumba Barat Daya,,,https://i.imgur.com/n35sg4G.jpeg
145,Danau,Danau Supul,Supul,Kuatnana,Timor Tengah Selatan,,Kolam pemancingan ikan air tawar,https://i.imgur.com/GF8UOpI.jpeg
146,Hutan,Hutan Kenari,Nailang,Alor Timur Laut,Alor,,"Pepohonan kenari dan pepohonan lainnya, kicauan burung",https://i.imgur.com/5LodGBV.jpeg
147,Hutan,Penangkaran Rusa,Enoraen,Fatuleu,Kabupaten Kupang,,Berjenis?jenis rusa timor dan satwa liar yang dilindungi,https://i.imgur.com/YGBXvFO.jpeg
148,Hutan,Hutan Ine Mbele,"Iteng, Desa Paka",Satar Mese,Manggarai,,"Hutan lindung˜˜di pinggir˜˜ pantai dg berbagai jenis Pohon Besar yg berumur ratusan tahun, memiliki fauna yg menakjubkan diantaranya: Ular, kera, lebah madu dan ribuan kalong",https://i.imgur.com/KZhJ0K8.jpeg
149,Air Terjun,Air Terjun Alila,Desa Alila,Kec. Alor Barat Laut,Alor,,Air Terjun dengan ketinggian ¤ 15 meter,https://i.imgur.com/7TSRvka.jpeg
150,Air Terjun,Air Terjun WE RO,Desa Kenebibi,Kakuluk Mesak,Belu,,,https://i.imgur.com/Bqf6SE6.jpeg
151,Air Terjun,Air Terjun Slata Mauhalek,Desa Raiulun,Lasiolat,Belu,,,https://i.imgur.com/4taPuUJ.jpeg
152,Air Terjun,Air Terjun Uluktil,Aitoun,Raihat,Belu,,,https://i.imgur.com/YMHIdhZ.jpeg
153,Air Terjun,Air Terjun Muru Nawe,Detuwulu,Maurole,Ende,,,https://i.imgur.com/pJQqrlE.jpeg
154,Air Terjun,Air Terjun Ngabatata,Rendu Butowe,Nagekeo,Ende,,,https://i.imgur.com/boZDmZH.jpeg
155,Air Terjun,Air Terjun Murugolo,Roga,Ndona Timur,Ende,,,https://i.imgur.com/sztDHOy.jpeg
156,Air Terjun,Air Terjun Kedebodu,Kedebodu,Ende Timur,Ende,,,https://i.imgur.com/RGHmdf3.jpeg
157,Air Terjun,Air terjun Waipoar,Boru Kedang,Wulanggitang,Flores Timur,,,https://i.imgur.com/Xx8pLck.jpeg
158,Air Terjun,Air Terjun Oenesu,Oenesu,Kupang Barat,Kabupaten Kupang,,,https://i.imgur.com/QYYItRu.jpeg
159,Air Terjun,Air Terjun Lodovavo,,,Lembata,,,https://i.imgur.com/tK9R6In.jpeg
160,Air Terjun,Air Terjun Pangkadari,Wae Codi,Cibal Barat,Manggarai,,,https://i.imgur.com/IA8rgKc.jpeg
161,Air Terjun,Cunca Lega,"Tengku Lese, Desa Tengku Lese",Rahong Utara,Manggarai,,Air terjun tertinggi Kabupaten Manggarai,https://i.imgur.com/qCywbDU.jpeg
162,Air Terjun,Cunca Rami,Golo Ndaring,Labuan Bajo,Manggarai Barat,,"Air Terjun, Tracking & Hiking",https://i.imgur.com/IG7JGtW.jpeg
163,Air Terjun,Cunca Lolos,Wae Lolos,Mbelling,Manggarai Barat,,"Air Terjun, Tracking",https://i.imgur.com/YaSoX07.png
164,Air Terjun,Cunca Wulang,Cunca Wulang,Labuan Bajo,Manggarai Barat,,"Air Terjun, Tracking",https://i.imgur.com/bZsVsL7.png
165,Air Terjun,Cunca Polo,Ranggu,Kuwus Barat,Manggarai Barat,,"Air Terjun, Tracking",https://i.imgur.com/VovnfLa.jpeg
166,Air Terjun,Air Terjun Ogi,Desa persiapan Pape,Bajawa,Ngada,,Air Terjun,https://i.imgur.com/LzlUT4K.jpeg
167,Air Terjun,Air Terjun Ae Pua,Kezewea,Golewa Selatan,Ngada,,"Air terjun, Panorama alam",https://i.imgur.com/v9WjMI5.jpeg
168,Air Terjun,Air Terjun Rodang Puni,Marunggela,Riung Barat,Ngada,,"Air terjun, Jalur trekking",https://i.imgur.com/XpxyJ0y.jpeg
169,Air Terjun,Air Terjun Pabeti Lakera,Delo,Wewewa Selatan,Sumba Barat,,,https://i.imgur.com/JYu2a4F.jpeg
170,Air Terjun,Air Terjun Lapopu,Lapopu,Wanokaka,Sumba Barat,,,https://i.imgur.com/z1q0Zm0.jpeg
171,Air Terjun,Air Terjun Ngaludara,Pada Ewata,Wewewa Timur,Sumba Barat Daya,,,https://i.imgur.com/I5Uxzzr.jpeg
172,Air Terjun,Air Terjun Weekacura,,,Sumba Barat Daya,,,https://i.imgur.com/wy8rEgA.jpeg
173,Air Terjun,Air Terjun Lokomboro,,Wewewa Timur,Sumba Barat Daya,,,https://i.imgur.com/M5KWJld.jpeg
174,Air Terjun,Air Terjun Matayangu,Manurara,Katikuna Selatan,Sumba Tengah,,,https://i.imgur.com/q03kycK.jpeg
175,Air Terjun,Air Terjun Gunung Meja,Kutta,Kanatang,Sumba Timur,,,https://i.imgur.com/QYljsrP.jpeg
176,Air Terjun,Air Terjun Laputi,Praingkareha,Tabundung,Sumba Timur,,,https://i.imgur.com/RBafOP8.jpeg
177,Air Terjun,Air Terju Hirumanu,Kananggar,Paberiwal,Sumba Timur,,,https://i.imgur.com/7uShbNk.jpeg
178,Air Terjun,Air Terjun Kanabu Wai,Waikanabu,Tabundung,Sumba Timur,,"Air Terjun, Panorama Alam",https://i.imgur.com/twvr2f2.jpeg
179,Air Terjun,Air Terjun Oehala,Oel Ekam,Mollo Tengah,Timor Tengah Selatan,,Air terjun bertingkat 7,https://i.imgur.com/lcKW2R2.jpeg
180,Air Terjun,Air Terjun Noinbila,Noinbila,Mollo Selatan,Timor Tengah Selatan,,Air terjun dan beberapa kolam renang alami,https://i.imgur.com/0q186KC.jpeg
181,Air Panas,"Air Panas Lia sembe, Air Terjun Murundao",Koanara,Kelimutu,Ende,,,https://i.imgur.com/Hv9m6Hy.jpeg
182,Air Panas,Air Panas Sabutobo,Bolibean,Lewoleba,Lembata,,,https://i.imgur.com/RCXIcQ4.jpeg
183,Air Panas,Air Panas Nangadhero,Desa Nagadhero,Mbay,Nagekeo,,"Air Panas, Hutan Mangrove",https://i.imgur.com/Pu1ASrc.jpeg
184,Air Panas,Air Panas Taba,Tengatiba,Soa,Ngada,,,https://i.imgur.com/YFycyJs.jpeg
185,Air Panas,Pemandian Air Panas Mengeruda,Mengeruda,Soa,Ngada,,"Pemandian alam, Panorama alam, Situs Ppurbakala, Agrowisata, Tempat ziarah",https://i.imgur.com/d5GbKK6.jpeg
186,Air Panas,Air Panas Boba,Boba I,Golewa Selatan,Ngada,,"Pemandian air panas, Panaroma alam, Penelusuran gua",https://i.imgur.com/akIHYOV.jpeg
187,Air Panas,Air Panas Malanage,Dariwali,Jerebuu,Ngada,,"Pemandian air panas, Agrowisata, Kawasan Treking",https://i.imgur.com/s9XRc7m.jpeg
188,Gua,Gua Kelelawar,Tohe Leten,Raihat,Belu,,,https://i.imgur.com/FKXsQ0R.jpeg
189,Gua,Gua Ular,Galang,Welak,Mangggarai Barat,,,https://i.imgur.com/FE8mVKT.jpeg
190,Gua,Gua Monyet kelapa satu,Namosain,Alak,Kota Kupang,,Memiliki ratusan satwa monyet,https://i.imgur.com/6CIW3HO.jpeg
191,Gua,Gua Kristal Bolok,Bolok,Kupang Barat,Kota Kupang,,Gua alam yang indah dan menarik,https://i.imgur.com/pXAmPfq.jpeg
192,Gua,Gua Alam Camplong,Camplong II,Fatuleu,Kabupaten Kupang,,"Stalaktit dan stalakmit, menelusuri goa",https://i.imgur.com/JjZ3r06.jpeg
193,Gua,Gua Sarang Burung˜Layang-Layang,Bolok,Kupang,Kabupaten Kupang,,Terdapat sarang burung layang-layang,https://i.imgur.com/Gp6JNrZ.jpeg
194,Gua,Gua Sonbai,Kau'niki,Takari,Kabupaten Kupang,,Goa dan Pegunungan dengan padang hijau,https://i.imgur.com/AGzJUad.jpeg
195,Gua,Gua Batu Cermin,Batu Cermin,Komodo,Manggarai Barat,,"Gua Alam, Stalagtit, Stalagmit",https://i.imgur.com/UzVv1By.jpeg
196,Gua,Gua Liemadira,,Hawu Mahera,Sabu Raijua,,"Goa alam, Mata air",https://i.imgur.com/E5bu9Qc.jpeg
197,Gua,Gua Waikelo Sawah,Tema Tana,Wewewa Timur,Sumba Barat Daya,,,https://i.imgur.com/YO6Fla2.jpeg
198,Gua,Gua Kamimbi,Dewajara,Katikuna,Sumba Tengah,,,https://i.imgur.com/xRkE1u6.jpeg
199,Gua,Gua Batu Cermin,,Labuan Bajo,Manggarai Barat,,Panorama tebing alam sepanjang kurang lebih 2 km,https://i.imgur.com/UkPa8hJ.jpeg
200,Perkebunan,Kebun Kopi,Colol,Poco Ranaka,Manggarai Timur,,,https://i.imgur.com/OGSNzHw.jpeg
201,Perkebunan,Perkebunan Cengkeh,Bolorangga,,Nagekeo,,,https://i.imgur.com/p56alq5.jpeg
202,Perkebunan,Perkebunan Kelapa,Kel. Nagesapadhi,,Nagekeo,,,https://i.imgur.com/1ohXDbM.jpeg